{
  "startBlock": 11651641,
  "startBlockTime": 1742400000,
  "endBlock": 11723641,
  "endBlockTime": 1742472000,
  "pairs": {
    "0xDEF9757241A19A4872810E19d39B43Cdb7ffbf97": {
      "price0Twap": 1.6379560038810932,
      "price1Twap": 0.6748086773721621,
      "outcomeIndex": 16,
      "priceShortTwap": 1.6379560038810932,
      "priceLongTwap": 0.6748086773721621,
      "pTwap": 0.4029168743208104
    },
    "0x40709da84B9036C6C582a0827DFFd9943492d4F3": {
      "price0Twap": 2.562398793895425,
      "price1Twap": 0.4572154167964747,
      "outcomeIndex": 8,
      "priceShortTwap": 2.562398793895425,
      "priceLongTwap": 0.4572154167964747,
      "pTwap": 0.31375966211063816
    },
    "0xdA21a4a5A47347B4A7fc4bAdAe5789508AE5Aa0f": {
      "price0Twap": 1.7410066792353682,
      "price1Twap": 0.657616462481645,
      "outcomeIndex": 18,
      "priceShortTwap": 1.7410066792353682,
      "priceLongTwap": 0.657616462481645,
      "pTwap": 0.39672413816228425
    },
    "0x06C85d2a48baCA681f6F08a6e7016D365aA16b91": {
      "price0Twap": 0.4716758430786611,
      "price1Twap": 2.436670400088187,
      "outcomeIndex": 19,
      "priceShortTwap": 2.436670400088187,
      "priceLongTwap": 0.4716758430786611,
      "pTwap": 0.32050253817575913
    },
    "0x753E55b9e5F30A0874226b47372386D4067A96d4": {
      "price0Twap": 1.7453676510564256,
      "price1Twap": 0.60094871617904,
      "outcomeIndex": 3,
      "priceShortTwap": 1.7453676510564256,
      "priceLongTwap": 0.60094871617904,
      "pTwap": 0.37537037264586165
    },
    "0xED69FC5B54757cbeE0136C516a22E406AFd5Fa11": {
      "price0Twap": 1.1422120499137822,
      "price1Twap": 0.9378836690312002,
      "outcomeIndex": 1,
      "priceShortTwap": 1.1422120499137822,
      "priceLongTwap": 0.9378836690312002,
      "pTwap": 0.4839731527847971
    },
    "0x5809976CA619e888201e1943747264A1c89D9C0C": {
      "price0Twap": 0.2671027464504291,
      "price1Twap": 4.341037071530369,
      "outcomeIndex": 6,
      "priceShortTwap": 4.341037071530369,
      "priceLongTwap": 0.2671027464504291,
      "pTwap": 0.21079801712897522
    },
    "0xCb6B543857DaBb2308Cc9DE4d09d5cbcEDed80c2": {
      "price0Twap": 0.7387036477333809,
      "price1Twap": 1.5283506968111868,
      "outcomeIndex": 12,
      "priceShortTwap": 1.5283506968111868,
      "priceLongTwap": 0.7387036477333809,
      "pTwap": 0.42485885889546166
    },
    "0x117195d07cEcB60ead8e06F8126F68B61599ca86": {
      "price0Twap": 0.5073326974085062,
      "price1Twap": 2.219086095892006,
      "outcomeIndex": 20,
      "priceShortTwap": 2.219086095892006,
      "priceLongTwap": 0.5073326974085062,
      "pTwap": 0.33657645606755693
    },
    "0x7A0986507e4836CF234d42d049682A1D8A57a1F6": {
      "price0Twap": 1.2727223250646826,
      "price1Twap": 0.8444991992229056,
      "outcomeIndex": 0,
      "priceShortTwap": 1.2727223250646826,
      "priceLongTwap": 0.8444991992229056,
      "pTwap": 0.4578474198192638
    },
    "0x0C947B005826D92DAf9Db000d08C5144Ec227004": {
      "price0Twap": 0.46842252581070737,
      "price1Twap": 2.2779637675289526,
      "outcomeIndex": 9,
      "priceShortTwap": 2.2779637675289526,
      "priceLongTwap": 0.46842252581070737,
      "pTwap": 0.31899709898014134
    },
    "0x23b04c96C0bb8c223d13C6962c4aCF954412E77B": {
      "price0Twap": 0.9950816262704251,
      "price1Twap": 1.030699133166836,
      "outcomeIndex": 17,
      "priceShortTwap": 1.030699133166836,
      "priceLongTwap": 0.9950816262704251,
      "pTwap": 0.49876737531316717
    },
    "0x028F7d0BE4d166dF45658e21b388C91c55146739": {
      "price0Twap": 0.6624646778477123,
      "price1Twap": 1.7955667114883491,
      "outcomeIndex": 14,
      "priceShortTwap": 1.7955667114883491,
      "priceLongTwap": 0.6624646778477123,
      "pTwap": 0.3984834605360538
    },
    "0xD78c7020031e29e6A3b0C13Eee2b1054A171459C": {
      "price0Twap": 0.2667068100696719,
      "price1Twap": 3.9875397934439945,
      "outcomeIndex": 11,
      "priceShortTwap": 3.9875397934439945,
      "priceLongTwap": 0.2667068100696719,
      "pTwap": 0.21055133512308377
    },
    "0xd2eE390CDb6fd7981B2e7db3c6D643c0fF4330c5": {
      "price0Twap": 2.5173233693990067,
      "price1Twap": 0.4132180206898815,
      "outcomeIndex": 2,
      "priceShortTwap": 2.5173233693990067,
      "priceLongTwap": 0.4132180206898815,
      "pTwap": 0.2923950973170888
    },
    "0x9Cba0cfB658397261b4eC85d0e70C03Ab79d3b86": {
      "price0Twap": 0.4486438572566538,
      "price1Twap": 2.311465994147332,
      "outcomeIndex": 10,
      "priceShortTwap": 2.311465994147332,
      "priceLongTwap": 0.4486438572566538,
      "pTwap": 0.30969920937383877
    },
    "0x4Bc677a6e6545733a8D11c1463C2b991cEA83fa4": {
      "price0Twap": 3.5839042183661363,
      "price1Twap": 0.31878108194167315,
      "outcomeIndex": 21,
      "priceShortTwap": 3.5839042183661363,
      "priceLongTwap": 0.31878108194167315,
      "pTwap": 0.24172403312938343
    },
    "0x9d16947a1924F735EC86CA4C11b3e28cE65b436e": {
      "price0Twap": 0.7877232287281234,
      "price1Twap": 1.3508735164491925,
      "outcomeIndex": 15,
      "priceShortTwap": 0.7877232287281234,
      "priceLongTwap": 1.3508735164491925,
      "pTwap": 0.5746262004302041
    },
    "0xa28ab26363d856C6a199Bd623C7e2b621aDAa6F0": {
      "price0Twap": 0.5911800232828586,
      "price1Twap": 1.914834173145723,
      "outcomeIndex": 4,
      "priceShortTwap": 1.914834173145723,
      "priceLongTwap": 0.5911800232828586,
      "pTwap": 0.37153559913551437
    },
    "0xd338f7C363a78a9402AABA5869790a7914fF98AD": {
      "price0Twap": 2.6422121699436016,
      "price1Twap": 0.414607596797963,
      "outcomeIndex": 5,
      "priceShortTwap": 2.6422121699436016,
      "priceLongTwap": 0.414607596797963,
      "pTwap": 0.2930901811473716
    },
    "0x392BF28d61424CF90C812BfCc907994697dCc164": {
      "price0Twap": 2.953170797114317,
      "price1Twap": 0.3819487820731783,
      "outcomeIndex": 13,
      "priceShortTwap": 2.953170797114317,
      "priceLongTwap": 0.3819487820731783,
      "pTwap": 0.27638418082339106
    },
    "0xD508FBFB3c67DABB10D4981B95EbF2667B773F64": {
      "price0Twap": 3.046987732222633,
      "price1Twap": 0.34000270803531113,
      "outcomeIndex": 7,
      "priceShortTwap": 3.046987732222633,
      "priceLongTwap": 0.34000270803531113,
      "pTwap": 0.25373285143118646
    }
  }
}